<?xml version="1.0" encoding="UTF-8"?>

<mule xmlns:ftp="http://www.mulesoft.org/schema/mule/ftp" xmlns:http="http://www.mulesoft.org/schema/mule/http" xmlns:cxf="http://www.mulesoft.org/schema/mule/cxf" xmlns:ws="http://www.mulesoft.org/schema/mule/ws" xmlns:metadata="http://www.mulesoft.org/schema/mule/metadata" xmlns:dw="http://www.mulesoft.org/schema/mule/ee/dw" xmlns:file="http://www.mulesoft.org/schema/mule/file" xmlns:mulexml="http://www.mulesoft.org/schema/mule/xml" xmlns="http://www.mulesoft.org/schema/mule/core" xmlns:doc="http://www.mulesoft.org/schema/mule/documentation"
	xmlns:spring="http://www.springframework.org/schema/beans" 
	xmlns:xsi="http://www.w3.org/2001/XMLSchema-instance"
	xsi:schemaLocation="http://www.mulesoft.org/schema/mule/ws http://www.mulesoft.org/schema/mule/ws/current/mule-ws.xsd
http://www.mulesoft.org/schema/mule/xml http://www.mulesoft.org/schema/mule/xml/current/mule-xml.xsd
http://www.mulesoft.org/schema/mule/file http://www.mulesoft.org/schema/mule/file/current/mule-file.xsd
http://www.mulesoft.org/schema/mule/ee/dw http://www.mulesoft.org/schema/mule/ee/dw/current/dw.xsd
http://www.mulesoft.org/schema/mule/ee/ftp http://www.mulesoft.org/schema/mule/ee/ftp/current/mule-ftp-ee.xsd
http://www.springframework.org/schema/beans http://www.springframework.org/schema/beans/spring-beans-current.xsd
http://www.mulesoft.org/schema/mule/core http://www.mulesoft.org/schema/mule/core/current/mule.xsd
http://www.mulesoft.org/schema/mule/cxf http://www.mulesoft.org/schema/mule/cxf/current/mule-cxf.xsd
http://www.mulesoft.org/schema/mule/http http://www.mulesoft.org/schema/mule/http/current/mule-http.xsd
http://www.mulesoft.org/schema/mule/ftp http://www.mulesoft.org/schema/mule/ftp/current/mule-ftp.xsd">
    <ws:consumer-config name="Web_Service_Consumer" wsdlLocation="http://169.53.168.18:8080/cc/ws/ca/on/wsib/cc/webservices/createclaim/saveinprogress/service/IClaimRegistrationAPI?wsdl" service="IClaimRegistrationAPI" port="IClaimRegistrationAPISoap12Port" serviceAddress="http://169.53.168.18:8080/cc/ws/ca/on/wsib/cc/webservices/createclaim/saveinprogress/service/IClaimRegistrationAPI" doc:name="Web Service Consumer"></ws:consumer-config>
    <mulexml:dom-to-xml-transformer name="DOM_to_XML" doc:name="DOM to XML"></mulexml:dom-to-xml-transformer>
    <ftp:connector name="FTP" pollingFrequency="1000" validateConnections="true" doc:name="FTP"></ftp:connector>
    <http:listener-config name="HTTP_Listener_Configuration" host="0.0.0.0" port="7722" doc:name="HTTP Listener Configuration"></http:listener-config>
    <flow name="mule_guideware_integrationpoc_2Flow">
        <http:listener config-ref="HTTP_Listener_Configuration" path="/fnol" doc:name="HTTP"/>
        <cxf:jaxws-service doc:name="CXF"/>
        <logger message="Logger1 : #[payload]" level="INFO" doc:name="Logger1"/>
  
        <set-variable variableName="Payload" value="#[payload]" doc:name="Variable"></set-variable>
        <logger message="Logger2 : #[payload]" level="INFO" doc:name="Logger2"/>  
        <dw:transform-message doc:name="Transform Message"> 
            <dw:set-payload><![CDATA[%dw 1.0
%output application/xml
%namespace ns18
http://wsib.on.ca/cc/webservices/saveinprogress/service
---	

payload

]]></dw:set-payload>  
            <dw:set-property propertyName="soap.gw-authentication"><![CDATA[%dw 1.0
%output application/xml
%namespace ns0 http://guidewire.com/ws/soapheaders
---
{
	ns0#authentication: {
		ns0#username: "su",
		ns0#password: "gw"
	}
}]]></dw:set-property>  
        </dw:transform-message>
  
        <logger message="Web service request : #[payload]" level="INFO" doc:name="Logger"></logger>  
        <ws:consumer config-ref="Web_Service_Consumer" operation="saveInProgresseForm6eForm7" doc:name="Web Service Consumer"></ws:consumer>  
        <mulexml:dom-to-xml-transformer doc:name="DOM to XML"></mulexml:dom-to-xml-transformer>  
        <logger message="Response : #[payload]" level="INFO" doc:name="Logger"></logger>  
        <catch-exception-strategy doc:name="mule_guideware_integrationpoc_2Catch_Exception_Strategy"> 
            <mulexml:dom-to-xml-transformer doc:name="DOM to XML"></mulexml:dom-to-xml-transformer>  
            <logger message="Exception Payload : #[payload]" level="INFO" doc:name="Logger"></logger>  
        </catch-exception-strategy>  
    </flow>


</mule>
